{"name":"53fbc73c-aec9-434a-925a-24f9f8ad924a","id":"/providers/Microsoft.Flow/flows/53fbc73c-aec9-434a-925a-24f9f8ad924a","type":"Microsoft.Flow/flows","properties":{"apiId":"/providers/Microsoft.PowerApps/apis/shared_logicflows","displayName":"EXO DLP - Approval to Manager","definition":{"metadata":{"workflowEntityId":null,"processAdvisorMetadata":null,"flowChargedByPaygo":null,"flowclientsuspensionreason":"None","flowclientsuspensiontime":null,"flowclientsuspensionreasondetails":null,"creator":{"id":"9cf7ca5e-2198-42cd-87fc-e2b4fa248cd8","type":"User","tenantId":"d5e68946-5d8b-4d18-8b84-df1fac50bb22"},"provisioningMethod":"FromDefinition","failureAlertSubscription":true,"clientLastModifiedTime":"2025-10-29T23:08:58.9853048Z","connectionKeySavedTimeKey":"2025-10-29T23:08:58.9853048Z","creationSource":"Unknown","modifiedSources":"Unknown;PowerAppsMaker;Portal"},"$schema":"https://schema.management.azure.com/providers/Microsoft.Logic/schemas/2016-06-01/workflowdefinition.json#","contentVersion":"1.0.0.0","parameters":{"$authentication":{"defaultValue":{},"type":"SecureObject"},"$connections":{"defaultValue":{},"type":"Object"}},"triggers":{"When_an_item_violates_a_DLP_policy":{"metadata":{"operationMetadataId":"733b73cf-bcc8-48d3-8fb0-43b7620f646a"},"type":"OpenApiConnectionWebhook","inputs":{"host":{"apiId":"/providers/Microsoft.PowerApps/apis/shared_microsoft365compliance","connectionName":"shared_microsoft365compliance","operationId":"OnDlpRuleMatch"},"authentication":"@parameters('$authentication')"}}},"actions":{"Compose_-_Email_Recipients":{"runAfter":{"Compose_-_Email_Sender":["Succeeded"]},"metadata":{"operationMetadataId":"e15bffa6-7b13-4bfe-9fb8-c6dbd0378abe"},"type":"Compose","inputs":"@triggerOutputs()?['body/SharedWith']"},"Compose_-_Email_Item_ID":{"runAfter":{"Compose_-_Email_Recipients":["Succeeded"]},"metadata":{"operationMetadataId":"c5bf9420-d5d1-4017-a542-99a218646864"},"type":"Compose","inputs":"@replace(replace(triggerOutputs()?['body/ItemId'], '<', ''), '>', '')"},"Compose_-_Email_Sender":{"runAfter":{},"metadata":{"operationMetadataId":"ab5866db-f5f1-4d3a-a5dc-4d26b964d092"},"type":"Compose","inputs":"@triggerOutputs()?['body/Actor']"},"Initialize_variable_-_attachmentId":{"runAfter":{"Compose_-_Shared_Mailbox_address":["Succeeded"]},"metadata":{"operationMetadataId":"d53de567-bcce-43cb-bd70-f75abf41a753"},"type":"InitializeVariable","inputs":{"variables":[{"name":"attachmentId","type":"string"}]}},"Initialize_variable_-_attachmentName":{"runAfter":{"Initialize_variable_-_attachmentId":["Succeeded"]},"metadata":{"operationMetadataId":"8e0b5399-d85b-42c3-8afc-68d615d712ff"},"type":"InitializeVariable","inputs":{"variables":[{"name":"attachmentName","type":"string"}]}},"Initialize_variable_-_contentBytes":{"runAfter":{"Initialize_variable_-_attachmentName":["Succeeded"]},"metadata":{"operationMetadataId":"6d962432-1621-48e6-a15e-d458ce793ee7"},"type":"InitializeVariable","inputs":{"variables":[{"name":"contentBytes","type":"string"}]}},"Get_manager_(V2)":{"runAfter":{"Send_an_email_from_a_shared_mailbox_(V2)":["Succeeded"]},"metadata":{"operationMetadataId":"45b4dd10-1d21-4090-a40d-1297d6df2c33"},"type":"OpenApiConnection","inputs":{"parameters":{"id":"@outputs('Compose_-_Email_Sender')"},"host":{"apiId":"/providers/Microsoft.PowerApps/apis/shared_office365users","connectionName":"shared_office365users","operationId":"Manager_V2"},"authentication":"@parameters('$authentication')"}},"Get_emails_(V3)":{"runAfter":{"Delay":["Succeeded"]},"metadata":{"operationMetadataId":"5a288107-6c56-435e-9903-1c0aadd27a2e"},"type":"OpenApiConnection","inputs":{"parameters":{"importance":"Any","fetchOnlyWithAttachment":false,"folderPath":"Inbox","fetchOnlyUnread":true,"mailboxAddress":"@outputs('Compose_-_Shared_Mailbox_address')","includeAttachments":true,"searchQuery":"body:@{outputs('Compose_-_Email_Item_ID')}","top":1},"host":{"apiId":"/providers/Microsoft.PowerApps/apis/shared_office365","connectionName":"shared_office365","operationId":"GetEmailsV3"},"authentication":"@parameters('$authentication')"}},"Compose_-_Manager_is_Enabled":{"runAfter":{"Get_manager_(V2)":["Succeeded"]},"metadata":{"operationMetadataId":"9617c395-f37c-4e97-bda7-b57b211bf5be"},"type":"Compose","inputs":"@outputs('Get_manager_(V2)')?['body/accountEnabled']"},"Condition":{"actions":{"Apply_to_each":{"foreach":"@outputs('Get_emails_(V3)')?['body/value']","actions":{"Send_an_HTTP_request":{"metadata":{"operationMetadataId":"bfa1ab1e-c265-4abb-accb-5561f19d65c3"},"type":"OpenApiConnection","inputs":{"parameters":{"Uri":"https://graph.microsoft.com/v1.0/users/exodlpalerts@cyberseclabs.com.br/messages/@{items('Apply_to_each')?['id']}/attachments?$expand=microsoft.graph.itemattachment/item","Method":"GET","ContentType":"application/json"},"host":{"apiId":"/providers/Microsoft.PowerApps/apis/shared_office365","connectionName":"shared_office365","operationId":"HttpRequest"},"authentication":"@parameters('$authentication')"}},"Append_to_string_variable":{"runAfter":{"Send_an_HTTP_request":["Succeeded"]},"metadata":{"operationMetadataId":"a4e486f1-91fc-4b01-8558-f3a65e64a783"},"type":"AppendToStringVariable","inputs":{"name":"attachmentId","value":"@first(outputs('Send_an_HTTP_request')?['body']?['value'])?['id']"}},"Inspect_GetAttachment":{"runAfter":{"Get_Attachment_(V2)":["Succeeded"]},"metadata":{"operationMetadataId":"95ea0a01-4fe2-462c-8993-9601b43052ae"},"type":"Compose","inputs":"@body('Send_an_HTTP_request_2')"},"Send_an_HTTP_request_2":{"runAfter":{"Append_to_string_variable":["Succeeded"]},"metadata":{"operationMetadataId":"bb3bede1-3f9d-477b-a9fa-ce17a37908e3"},"type":"OpenApiConnection","inputs":{"parameters":{"Uri":"https://graph.microsoft.com/v1.0/users/exodlpalerts@cyberseclabs.com.br/messages/@{items('Apply_to_each')?['id']}/attachments/@{variables('attachmentId')}/$value","Method":"GET","ContentType":"application/json"},"host":{"apiId":"/providers/Microsoft.PowerApps/apis/shared_office365","connectionName":"shared_office365","operationId":"HttpRequest"},"authentication":"@parameters('$authentication')"}},"Get_Attachment_(V2)":{"runAfter":{"Send_an_HTTP_request_2":["Succeeded"]},"metadata":{"operationMetadataId":"5aa12953-e37c-403e-8443-88bf7553194a"},"type":"OpenApiConnection","inputs":{"parameters":{"messageId":"@items('Apply_to_each')?['id']","attachmentId":"@variables('attachmentId')","mailboxAddress":"@outputs('Compose_-_Shared_Mailbox_address')"},"host":{"apiId":"/providers/Microsoft.PowerApps/apis/shared_office365","connectionName":"shared_office365","operationId":"GetAttachment_V2"},"authentication":"@parameters('$authentication')"}},"Start_and_wait_for_an_approval_2":{"runAfter":{"Append_to_string_variable_2":["Succeeded"]},"metadata":{"operationMetadataId":"499a54d5-35cd-413d-b60b-beb7565b18da"},"type":"OpenApiConnectionWebhook","inputs":{"parameters":{"approvalType":"CustomResponse","WebhookApprovalCreationInput/responseOptions":["SIM","NÃO"],"WebhookApprovalCreationInput/title":"PoC - EXO DLP: Aprovar e-mail na Quarentena","WebhookApprovalCreationInput/assignedTo":"@{outputs('Compose_-_Manager_UPN')};","WebhookApprovalCreationInput/details":"Deseja aprovar o email em anexo para ser encaminhado ao seguinte destinatário: @{outputs('Compose_-_Email_Recipients')}\n","WebhookApprovalCreationInput/enableNotifications":true,"WebhookApprovalCreationInput/enableReassignment":true,"WebhookApprovalCreationInput/attachments":[{"name":"@{variables('attachmentName')}.eml","content":"@outputs('Inspect_GetAttachment')"}]},"host":{"apiId":"/providers/Microsoft.PowerApps/apis/shared_approvals","connectionName":"shared_approvals","operationId":"StartAndWaitForAnApproval"},"authentication":"@parameters('$authentication')"}},"Append_to_string_variable_2":{"runAfter":{"Inspect_GetAttachment":["Succeeded"]},"metadata":{"operationMetadataId":"fca4080b-5787-4395-b48f-f3aeb99217c6"},"type":"AppendToStringVariable","inputs":{"name":"attachmentName","value":"@outputs('Get_Attachment_(V2)')?['body/name']"}},"Condition_2":{"actions":{"Delay_2":{"metadata":{"operationMetadataId":"74078bd7-85cf-48fe-ba06-f685cc444e65"},"type":"Wait","inputs":{"interval":{"count":1,"unit":"Minute"}}},"Send_an_email_from_a_shared_mailbox_(V2)_2":{"runAfter":{"HTTP":["Succeeded"]},"metadata":{"operationMetadataId":"af06e5c2-efee-46cd-9ff3-2408d215b09b"},"type":"OpenApiConnection","inputs":{"parameters":{"emailMessage/MailboxAddress":"@outputs('Compose_-_Shared_Mailbox_address')","emailMessage/To":"@outputs('Compose_-_Email_Sender')","emailMessage/Subject":"Seu e-mail foi aprovado e enviado!","emailMessage/Body":"<p>Seu email com o assunto \"@{outputs('Compose_-_Email_Subject')}\" foi aprovado por seu gerente e foi enviado!</p>","emailMessage/Importance":"Normal"},"host":{"apiId":"/providers/Microsoft.PowerApps/apis/shared_office365","connectionName":"shared_office365","operationId":"SharedMailboxSendEmailV2"},"authentication":"@parameters('$authentication')"}},"HTTP":{"runAfter":{"Delay_2":["Succeeded"]},"metadata":{"operationMetadataId":"9504df03-6a8b-42b4-ba2f-e1893645809a"},"type":"Http","inputs":{"uri":"@{outputs('Compose_-_ReleaseQuarantine_Function_URL')}","method":"POST","headers":{"Content-Type":"application/json"},"body":{"MessageId":"<@{outputs('Compose_-_Email_Item_ID')}>","ReleaseToAll":true,"EntityType":"Email"}}}},"runAfter":{"Compose_-_Approvals_Response":["Succeeded"]},"else":{"actions":{}},"expression":{"and":[{"equals":["@first(outputs('Compose_-_Approvals_Response'))['approverResponse']","SIM"]}]},"metadata":{"operationMetadataId":"589fb4b2-8acb-4efe-9739-01f520a09f31"},"type":"If"},"Compose_-_Approvals_Response":{"runAfter":{"Start_and_wait_for_an_approval_2":["Succeeded"]},"metadata":{"operationMetadataId":"bf10dbf8-1c20-49a5-a8a8-06de193cb4b0"},"type":"Compose","inputs":"@outputs('Start_and_wait_for_an_approval_2')?['body/responses']"}},"metadata":{"operationMetadataId":"98c190ce-a7fc-4ebb-b27b-790e3466209b"},"type":"Foreach"}},"runAfter":{"Get_emails_(V3)":["Succeeded"]},"else":{"actions":{}},"expression":{"equals":["@outputs('Compose_-_Manager_is_Enabled')",true]},"metadata":{"operationMetadataId":"8e12927a-a6eb-44e1-9df3-4f0ff40c3373"},"type":"If"},"Delay":{"runAfter":{"Compose_-_Manager_UPN":["Succeeded"]},"metadata":{"operationMetadataId":"21a44d95-d61f-4578-b328-10add42bd2c4"},"type":"Wait","inputs":{"interval":{"count":10,"unit":"Second"}}},"Compose_-_Manager_UPN":{"runAfter":{"Compose_-_Manager_is_Enabled":["Succeeded"]},"metadata":{"operationMetadataId":"5c0ca340-8b6b-40a4-ae3a-33ecaee5a857"},"type":"Compose","inputs":"@outputs('Get_manager_(V2)')?['body/userPrincipalName']"},"Send_an_email_from_a_shared_mailbox_(V2)":{"runAfter":{"Initialize_variable_-_contentBytes":["Succeeded"]},"metadata":{"operationMetadataId":"6631fed2-c845-45a4-9a24-4cf2bd4d78ac"},"type":"OpenApiConnection","inputs":{"parameters":{"emailMessage/MailboxAddress":"@outputs('Compose_-_Shared_Mailbox_address')","emailMessage/To":"@outputs('Compose_-_Email_Sender')","emailMessage/Subject":"Seu E-mail está aguardando a liberação por seu gerente","emailMessage/Body":"<p>Olá! Seu email com o assunto \"@{outputs('Compose_-_Email_Subject')}\" está com o envio pendente, assim que a aprovação for concluida você será notificado.</p>","emailMessage/Importance":"Normal"},"host":{"apiId":"/providers/Microsoft.PowerApps/apis/shared_office365","connectionName":"shared_office365","operationId":"SharedMailboxSendEmailV2"},"authentication":"@parameters('$authentication')"}},"Compose_-_Email_Subject":{"runAfter":{"Compose_-_Email_Item_ID":["Succeeded"]},"metadata":{"operationMetadataId":"e2632de3-eca7-4c14-9a81-3019c1d629b8"},"type":"Compose","inputs":"@triggerOutputs()?['body/ExchangeMetadata/Subject']"},"Compose_-_ReleaseQuarantine_Function_URL":{"runAfter":{"Compose_-_Email_Subject":["Succeeded"]},"metadata":{"operationMetadataId":"95117a15-b3a1-4870-9213-9aeff0063059"},"type":"Compose","inputs":"https://releasequarantine-fkebgheuhsh6e4gp.westus2-01.azurewebsites.net/api/releasequarantine?code=HfQ-M6mTArwsVfF68grZAzRAYD9kiax-2Nc3QVjzXczLAzFu4YhU7A=="},"Compose_-_Shared_Mailbox_address":{"runAfter":{"Compose_-_ReleaseQuarantine_Function_URL":["Succeeded"]},"type":"Compose","inputs":"exodlpalerts@cyberseclabs.com.br"}},"outputs":{}},"connectionReferences":{"shared_microsoft365compliance":{"connectionName":"shared-microsoft365c-9d54069c-7ca8-42c8-90d1-b9ed8906ab88","source":"Embedded","id":"/providers/Microsoft.PowerApps/apis/shared_microsoft365compliance","tier":"NotSpecified","apiName":"microsoft365compliance","isProcessSimpleApiReferenceConversionAlreadyDone":false},"shared_office365users":{"connectionName":"shared-office365user-a6830a56-049b-44d4-93e0-6340dd3e5f2d","source":"Embedded","id":"/providers/Microsoft.PowerApps/apis/shared_office365users","tier":"NotSpecified","apiName":"office365users","isProcessSimpleApiReferenceConversionAlreadyDone":false},"shared_office365":{"connectionName":"shared-office365-816b55eb-f07b-4051-8ccb-218b6263992c","source":"Embedded","id":"/providers/Microsoft.PowerApps/apis/shared_office365","tier":"NotSpecified","apiName":"office365","isProcessSimpleApiReferenceConversionAlreadyDone":false},"shared_approvals":{"connectionName":"shared-approvals-adb131a2-5b3e-47f7-9fff-ee5deb28ee57","source":"Embedded","id":"/providers/Microsoft.PowerApps/apis/shared_approvals","tier":"NotSpecified","apiName":"approvals","isProcessSimpleApiReferenceConversionAlreadyDone":false}},"flowFailureAlertSubscribed":false,"isManaged":false}}