{"name":"d7e163fa-5cfd-4bfb-9622-25e0a0891888","id":"/providers/Microsoft.Flow/flows/d7e163fa-5cfd-4bfb-9622-25e0a0891888","type":"Microsoft.Flow/flows","properties":{"apiId":"/providers/Microsoft.PowerApps/apis/shared_logicflows","displayName":"EXO DLP - Manager Approval (Shared Mailbox)","definition":{"metadata":{"defaultDataverseMetadataHeader":null,"workflowEntityId":null,"processAdvisorMetadata":null,"flowChargedByPaygo":null,"flowclientsuspensionreason":"None","flowclientsuspensiontime":null,"flowclientsuspensionreasondetails":null,"creator":{"id":"9cf7ca5e-2198-42cd-87fc-e2b4fa248cd8","type":"User","tenantId":"d5e68946-5d8b-4d18-8b84-df1fac50bb22"},"provisioningMethod":"FromDefinition","failureAlertSubscription":true,"clientLastModifiedTime":"2025-11-21T16:04:16.2743568Z","connectionKeySavedTimeKey":"2025-11-21T16:04:16.2743568Z","creationSource":"Portal","modifiedSources":"Portal"},"$schema":"https://schema.management.azure.com/providers/Microsoft.Logic/schemas/2016-06-01/workflowdefinition.json#","contentVersion":"1.0.0.0","parameters":{"$authentication":{"defaultValue":{},"type":"SecureObject"},"$connections":{"defaultValue":{},"type":"Object"}},"triggers":{"When_a_new_email_arrives_in_a_shared_mailbox_(V2)":{"recurrence":{"frequency":"Minute","interval":1},"evaluatedRecurrence":{"frequency":"Minute","interval":1},"splitOn":"@triggerOutputs()?['body/value']","type":"OpenApiConnection","inputs":{"parameters":{"mailboxAddress":"exodlpalerts@cyberseclabs.com.br","hasAttachments":true,"includeAttachments":true,"subjectFilter":"Rule detected"},"host":{"apiId":"/providers/Microsoft.PowerApps/apis/shared_office365","connectionName":"shared_office365-1","operationId":"SharedMailboxOnNewEmailV2"},"authentication":"@parameters('$authentication')"}}},"actions":{"Compose_-_Alert_Email_Body":{"runAfter":{},"type":"Compose","inputs":"@triggerOutputs()?['body/body']"},"Compose_-_Email_Item_ID":{"runAfter":{"Compose_-_Alert_Email_Body":["Succeeded"]},"type":"Compose","inputs":"@replace(\n  replace(\n    first(\n      split(\n        last(\n          split(\n            outputs('Compose_-_Alert_Email_Body'),\n            'Matched item: '\n          )\n        ),\n        '<br>'\n      )\n    ),\n    '&lt;',\n    ''\n  ),\n  '&gt;',\n  ''\n)"},"Compose_-_Email_Sender":{"runAfter":{"Compose_-_Email_Item_ID":["Succeeded"]},"type":"Compose","inputs":"@last(\n  split(\n    trim(\n      first(\n        split(\n          last(\n            split(\n              outputs('Compose_-_Alert_Email_Body'),\n              'Person sharing item: '\n            )\n          ),\n          '<br>To:'\n        )\n      )\n    ),\n    ' '\n  )\n)"},"Compose_-_Email_Subject":{"runAfter":{"Compose_-_Email_Recipients":["Succeeded"]},"type":"Compose","inputs":"@trim(\n  first(\n    split(\n      last(\n        split(\n          outputs('Compose_-_Alert_Email_Body'),\n          'Title: '\n        )\n      ),\n      '<br>'\n    )\n  )\n)"},"[UPDATE]_Compose_-_ReleaseQuarantine_Function_URL":{"runAfter":{"Compose_-_Email_Subject":["Succeeded"]},"type":"Compose","inputs":"https://releasequarantine-fkebgheuhsh6e4gp.westus2-01.azurewebsites.net/api/releasequarantine?code=HfQ-M6mTArwsVfF68grZAzRAYD9kiax-2Nc3QVjzXczLAzFu4YhU7A=="},"[UPDATE]_Compose_-_Shared_Mailbox_address":{"runAfter":{"[UPDATE]_Compose_-_ReleaseQuarantine_Function_URL":["Succeeded"]},"type":"Compose","inputs":"exodlpalerts@cyberseclabs.com.br"},"Initialize_variable_-_attachmentId":{"runAfter":{"[UPDATE]_Compose_-_Shared_Mailbox_address":["Succeeded"]},"type":"InitializeVariable","inputs":{"variables":[{"name":"attachmentId","type":"string"}]}},"Initialize_variable_-_attachmentName":{"runAfter":{"Initialize_variable_-_attachmentId":["Succeeded"]},"type":"InitializeVariable","inputs":{"variables":[{"name":"attachmentName","type":"string"}]}},"Initialize_variable_-_contentBytes":{"runAfter":{"Initialize_variable_-_attachmentName":["Succeeded"]},"type":"InitializeVariable","inputs":{"variables":[{"name":"contentBytes","type":"string"}]}},"[UPDATE]_Compose_-_EmailItemID_Logical_Name":{"runAfter":{"Initialize_variable_-_contentBytes":["Succeeded"]},"type":"Compose","inputs":"cr63f_emailitemid"},"[UPDATE]_Add_a_new_row":{"runAfter":{"[UPDATE]_Compose_-_EmailItemID_Logical_Name":["Succeeded"]},"type":"OpenApiConnection","inputs":{"parameters":{"entityName":"cr63f_exodlpemailses","item/cr63f_emailitemid":"<@{outputs('Compose_-_Email_Item_ID')}>","item/cr63f_emailrecipients":"@outputs('Compose_-_Email_Recipients')","item/cr63f_emailsender":"@outputs('Compose_-_Email_Sender')","item/cr63f_emailsubject":"@outputs('Compose_-_Email_Subject')","item/cr63f_isreleased":3,"item/cr63f_emailrecipient":"@outputs('Compose_-_Email_Recipients')"},"host":{"apiId":"/providers/Microsoft.PowerApps/apis/shared_commondataserviceforapps","connectionName":"shared_commondataserviceforapps","operationId":"CreateRecord"},"authentication":"@parameters('$authentication')"}},"Compose_-_Email_Recipients":{"runAfter":{"Compose_-_Email_Sender":["Succeeded"]},"type":"Compose","inputs":"@trim(\n  first(\n    split(\n      last(\n        split(\n          outputs('Compose_-_Alert_Email_Body'),\n          'To: '\n        )\n      ),\n      '<br>Cc:'\n    )\n  )\n)"},"Scope_-_Existing_Email_ID":{"actions":{"Terminate_2":{"type":"Terminate","inputs":{"runStatus":"Cancelled"}}},"runAfter":{"[UPDATE]_Add_a_new_row":["Failed"]},"type":"Scope"},"Scope_-_New_Email_ID":{"actions":{"Get_manager_(V2)":{"type":"OpenApiConnection","inputs":{"parameters":{"id":"@outputs('Compose_-_Email_Sender')"},"host":{"apiId":"/providers/Microsoft.PowerApps/apis/shared_office365users","connectionName":"shared_office365users","operationId":"Manager_V2"},"authentication":"@parameters('$authentication')"}},"Compose_-_Manager_is_Enabled":{"runAfter":{"Get_manager_(V2)":["Succeeded"]},"type":"Compose","inputs":"@outputs('Get_manager_(V2)')?['body/accountEnabled']"},"Compose_-_Manager_UPN":{"runAfter":{"Compose_-_Manager_is_Enabled":["Succeeded"]},"type":"Compose","inputs":"@outputs('Get_manager_(V2)')?['body/userPrincipalName']"},"Send_an_email_from_a_shared_mailbox_(V2)":{"runAfter":{"Compose_-_Manager_UPN":["Succeeded"]},"type":"OpenApiConnection","inputs":{"parameters":{"emailMessage/MailboxAddress":"@outputs('[UPDATE]_Compose_-_Shared_Mailbox_address')","emailMessage/To":"@outputs('Compose_-_Email_Sender')","emailMessage/Subject":"Seu E-mail está aguardando a liberação por seu gerente","emailMessage/Body":"<p class=\"editor-paragraph\">Olá! Seu email com o assunto \"@{outputs('Compose_-_Email_Subject')}\" está com o envio pendente, assim que a aprovação for concluida você será notificado.</p>","emailMessage/Importance":"Normal"},"host":{"apiId":"/providers/Microsoft.PowerApps/apis/shared_office365","connectionName":"shared_office365","operationId":"SharedMailboxSendEmailV2"},"authentication":"@parameters('$authentication')"}},"Delay":{"runAfter":{"Send_an_email_from_a_shared_mailbox_(V2)":["Succeeded"]},"type":"Wait","inputs":{"interval":{"count":10,"unit":"Second"}}},"Get_emails_(V3)":{"runAfter":{"Delay":["Succeeded"]},"type":"OpenApiConnection","inputs":{"parameters":{"importance":"Any","fetchOnlyWithAttachment":false,"folderPath":"Inbox","fetchOnlyUnread":true,"mailboxAddress":"@outputs('[UPDATE]_Compose_-_Shared_Mailbox_address')","includeAttachments":true,"searchQuery":"body:@{outputs('Compose_-_Email_Item_ID')}","top":1},"host":{"apiId":"/providers/Microsoft.PowerApps/apis/shared_office365","connectionName":"shared_office365","operationId":"GetEmailsV3"},"authentication":"@parameters('$authentication')"}},"Condition":{"actions":{"Apply_to_each":{"foreach":"@outputs('Get_emails_(V3)')?['body/value']","actions":{"Send_an_HTTP_request":{"type":"OpenApiConnection","inputs":{"parameters":{"Uri":"https://graph.microsoft.com/v1.0/users/@{outputs('[UPDATE]_Compose_-_Shared_Mailbox_address')}/messages/@{items('Apply_to_each')?['id']}/attachments?$expand=microsoft.graph.itemattachment/item","Method":"GET","ContentType":"application/json"},"host":{"apiId":"/providers/Microsoft.PowerApps/apis/shared_office365","connectionName":"shared_office365","operationId":"HttpRequest"},"authentication":"@parameters('$authentication')"}},"Append_to_string_variable":{"runAfter":{"Send_an_HTTP_request":["Succeeded"]},"type":"AppendToStringVariable","inputs":{"name":"attachmentId","value":"@first(outputs('Send_an_HTTP_request')?['body']?['value'])?['id']"}},"Send_an_HTTP_request_1":{"runAfter":{"Append_to_string_variable":["Succeeded"]},"type":"OpenApiConnection","inputs":{"parameters":{"Uri":"https://graph.microsoft.com/v1.0/users/@{outputs('[UPDATE]_Compose_-_Shared_Mailbox_address')}/messages/@{items('Apply_to_each')?['id']}/attachments/@{variables('attachmentId')}/$value","Method":"GET","ContentType":"application/json"},"host":{"apiId":"/providers/Microsoft.PowerApps/apis/shared_office365","connectionName":"shared_office365","operationId":"HttpRequest"},"authentication":"@parameters('$authentication')"}},"Get_Attachment_(V2)":{"runAfter":{"Send_an_HTTP_request_1":["Succeeded"]},"type":"OpenApiConnection","inputs":{"parameters":{"messageId":"@items('Apply_to_each')?['id']","attachmentId":"@variables('attachmentId')","mailboxAddress":"@outputs('[UPDATE]_Compose_-_Shared_Mailbox_address')"},"host":{"apiId":"/providers/Microsoft.PowerApps/apis/shared_office365","connectionName":"shared_office365","operationId":"GetAttachment_V2"},"authentication":"@parameters('$authentication')"}},"Compose_-_Inspect_GetAttachment":{"runAfter":{"Get_Attachment_(V2)":["Succeeded"]},"type":"Compose","inputs":"@body('Get_Attachment_(V2)')"},"Append_to_string_variable_1":{"runAfter":{"Compose_-_Inspect_GetAttachment":["Succeeded"]},"type":"AppendToStringVariable","inputs":{"name":"attachmentName","value":"@outputs('Get_Attachment_(V2)')?['body/name']"}},"Start_and_wait_for_an_approval":{"runAfter":{"Compose_-_Updated_AttachmentName":["Succeeded"]},"type":"OpenApiConnectionWebhook","inputs":{"parameters":{"approvalType":"CustomResponse","WebhookApprovalCreationInput/responseOptions":["SIM","NÃO"],"WebhookApprovalCreationInput/title":"PoC - EXO DLP: Aprovar e-mail na Quarentena","WebhookApprovalCreationInput/assignedTo":"@{outputs('Compose_-_Manager_UPN')};","WebhookApprovalCreationInput/details":"Deseja aprovar o email em anexo para ser encaminhado ao seguinte(s) destinatário(s): @{outputs('Compose_-_Email_Recipients')}","WebhookApprovalCreationInput/requestor":"@outputs('Compose_-_Email_Sender')","WebhookApprovalCreationInput/enableNotifications":true,"WebhookApprovalCreationInput/enableReassignment":true,"WebhookApprovalCreationInput/attachments":[{"name":"@{outputs('Compose_-_Updated_AttachmentName')}.eml","content":"@outputs('Compose_-_Inspect_GetAttachment')"}]},"host":{"apiId":"/providers/Microsoft.PowerApps/apis/shared_approvals","connectionName":"shared_approvals","operationId":"StartAndWaitForAnApproval"},"authentication":"@parameters('$authentication')"}},"Compose_-_Updated_AttachmentName":{"runAfter":{"Append_to_string_variable_1":["Succeeded"]},"type":"Compose","inputs":"@variables('attachmentName')"},"Compose_-_Approvals_Response":{"runAfter":{"Start_and_wait_for_an_approval":["Succeeded"]},"type":"Compose","inputs":"@outputs('Start_and_wait_for_an_approval')?['body/responses']"},"Condition_1":{"actions":{"Delay_1":{"type":"Wait","inputs":{"interval":{"count":1,"unit":"Minute"}}},"HTTP":{"runAfter":{"Delay_1":["Succeeded"]},"type":"Http","inputs":{"uri":"@outputs('[UPDATE]_Compose_-_ReleaseQuarantine_Function_URL')","method":"POST","headers":{"Content-Type":"application/json"},"body":{"MessageId":"<@{outputs('Compose_-_Email_Item_ID')}>","ReleaseToAll":true,"EntityType":"Email"}},"runtimeConfiguration":{"contentTransfer":{"transferMode":"Chunked"}}},"Send_an_email_from_a_shared_mailbox_(V2)_1":{"runAfter":{"HTTP":["Succeeded"]},"type":"OpenApiConnection","inputs":{"parameters":{"emailMessage/MailboxAddress":"@outputs('[UPDATE]_Compose_-_Shared_Mailbox_address')","emailMessage/To":"@outputs('Compose_-_Email_Sender')","emailMessage/Subject":"Seu e-mail foi aprovado e enviado!","emailMessage/Body":"<p class=\"editor-paragraph\">Olá! Seu email com o assunto \"@{outputs('Compose_-_Email_Subject')}\" foi aprovado por seu gerente e foi enviado!</p>","emailMessage/Importance":"Normal"},"host":{"apiId":"/providers/Microsoft.PowerApps/apis/shared_office365","connectionName":"shared_office365","operationId":"SharedMailboxSendEmailV2"},"authentication":"@parameters('$authentication')"}},"Update_a_row":{"runAfter":{"Send_an_email_from_a_shared_mailbox_(V2)_1":["Succeeded"]},"type":"OpenApiConnection","inputs":{"parameters":{"entityName":"cr63f_exodlpemailses","recordId":"@outputs('[UPDATE]_Add_a_new_row')?['body/cr63f_exodlpemailsid']","item/cr63f_isreleased":1},"host":{"apiId":"/providers/Microsoft.PowerApps/apis/shared_commondataserviceforapps","connectionName":"shared_commondataserviceforapps","operationId":"UpdateOnlyRecord"},"authentication":"@parameters('$authentication')"}}},"runAfter":{"Compose_-_Approvals_Response":["Succeeded"]},"else":{"actions":{}},"expression":{"and":[{"equals":["@first(outputs('Compose_-_Approvals_Response'))['approverResponse']","SIM"]}]},"type":"If"}},"type":"Foreach"}},"runAfter":{"Get_emails_(V3)":["Succeeded"]},"else":{"actions":{}},"expression":{"and":[{"equals":["@outputs('Compose_-_Manager_is_Enabled')",true]}]},"type":"If"}},"runAfter":{"[UPDATE]_Add_a_new_row":["Succeeded"]},"type":"Scope"}},"outputs":{}},"connectionReferences":{"shared_office365-1":{"connectionName":"shared-office365-fb3e8221-220c-4a28-8e5a-1924c535f76e","source":"Embedded","id":"/providers/Microsoft.PowerApps/apis/shared_office365","tier":"NotSpecified","apiName":"office365","isProcessSimpleApiReferenceConversionAlreadyDone":false},"shared_commondataserviceforapps":{"connectionName":"shared-commondataser-fd24a749-0cab-4cfd-81bd-2b78f231a84e","source":"Embedded","id":"/providers/Microsoft.PowerApps/apis/shared_commondataserviceforapps","tier":"NotSpecified","apiName":"commondataserviceforapps","isProcessSimpleApiReferenceConversionAlreadyDone":false},"shared_office365users":{"connectionName":"7223d4bcfe15475f9499ceaa05b33099","source":"Embedded","id":"/providers/Microsoft.PowerApps/apis/shared_office365users","tier":"NotSpecified","apiName":"office365users","isProcessSimpleApiReferenceConversionAlreadyDone":false},"shared_office365":{"connectionName":"fb43ef19713e43d3bb6ffcfe985daba6","source":"Embedded","id":"/providers/Microsoft.PowerApps/apis/shared_office365","tier":"NotSpecified","apiName":"office365","isProcessSimpleApiReferenceConversionAlreadyDone":false},"shared_approvals":{"connectionName":"4cc0245f4c3142dbab5da20dac3bda2a","source":"Embedded","id":"/providers/Microsoft.PowerApps/apis/shared_approvals","tier":"NotSpecified","apiName":"approvals","isProcessSimpleApiReferenceConversionAlreadyDone":false}},"flowFailureAlertSubscribed":false,"isManaged":false}}